client_id,confusion_matrix,has_nan,model_weights_summary_layers_with_nan,model_weights_summary_total_layers,model_weights_summary_total_parameters,model_weights_summary_weight_statistics,round,test_accuracy,test_f1,test_loss,test_precision,test_recall,timestamp,update_time,val_accuracy
43,"[0, 28, 952, 0, 0, 0, 0, 0, 0, 0],[0, 1039, 96, 0, 0, 0, 0, 0, 0, 0],[0, 99, 933, 0, 0, 0, 0, 0, 0, 0],[0, 169, 841, 0, 0, 0, 0, 0, 0, 0],[0, 310, 672, 0, 0, 0, 0, 0, 0, 0],[0, 223, 669, 0, 0, 0, 0, 0, 0, 0],[0, 110, 848, 0, 0, 0, 0, 0, 0, 0],[0, 442, 586, 0, 0, 0, 0, 0, 0, 0],[0, 82, 892, 0, 0, 0, 0, 0, 0, 0],[0, 277, 732, 0, 0, 0, 0, 0, 0, 0]",False,0,10,212542,"{'layer': 0, 'shape': (5, 5, 1, 16), 'mean': 69.685, 'std': 101.08830681636724, 'min': -164.0, 'max': 389.0, 'has_nan': False},{'layer': 1, 'shape': (16,), 'mean': 22.5, 'std': 4.373213921133975, 'min': 16.0, 'max': 31.0, 'has_nan': False},{'layer': 2, 'shape': (5, 5, 16, 32), 'mean': 33.09078125, 'std': 57.18919431382688, 'min': -187.0, 'max': 240.0, 'has_nan': False},{'layer': 3, 'shape': (32,), 'mean': 33.34375, 'std': 4.127721640021284, 'min': 24.0, 'max': 41.0, 'has_nan': False},{'layer': 4, 'shape': (1568, 120), 'mean': 4.933923256802721, 'std': 42.64763769041836, 'min': -193.0, 'max': 214.0, 'has_nan': False},{'layer': 5, 'shape': (120,), 'mean': 4.175, 'std': 4.996102647731196, 'min': -13.0, 'max': 16.0, 'has_nan': False},{'layer': 6, 'shape': (120, 84), 'mean': 8.934920634920635, 'std': 133.7701947771176, 'min': -537.0, 'max': 646.0, 'has_nan': False},{'layer': 7, 'shape': (84,), 'mean': 12.178571428571429, 'std': 5.978454797747281, 'min': -3.0, 'max': 26.0, 'has_nan': False},{'layer': 8, 'shape': (84, 10), 'mean': -24.298809523809524, 'std': 213.95469034913043, 'min': -683.0, 'max': 567.0, 'has_nan': False},{'layer': 9, 'shape': (10,), 'mean': -3.6, 'std': 19.39690696992693, 'min': -25.0, 'max': 42.0, 'has_nan': False}",1,0.1972,0.08359229324701362,2.3023170823034684,0.05576897750698045,0.1972,1764276341.6246674,2.1286396980285645,0.18816666666666668
48,"[0, 28, 952, 0, 0, 0, 0, 0, 0, 0],[0, 1039, 96, 0, 0, 0, 0, 0, 0, 0],[0, 99, 933, 0, 0, 0, 0, 0, 0, 0],[0, 169, 841, 0, 0, 0, 0, 0, 0, 0],[0, 310, 672, 0, 0, 0, 0, 0, 0, 0],[0, 223, 669, 0, 0, 0, 0, 0, 0, 0],[0, 110, 848, 0, 0, 0, 0, 0, 0, 0],[0, 442, 586, 0, 0, 0, 0, 0, 0, 0],[0, 82, 892, 0, 0, 0, 0, 0, 0, 0],[0, 277, 732, 0, 0, 0, 0, 0, 0, 0]",False,0,10,212542,"{'layer': 0, 'shape': (5, 5, 1, 16), 'mean': 69.685, 'std': 101.08830681636724, 'min': -164.0, 'max': 389.0, 'has_nan': False},{'layer': 1, 'shape': (16,), 'mean': 22.5, 'std': 4.373213921133975, 'min': 16.0, 'max': 31.0, 'has_nan': False},{'layer': 2, 'shape': (5, 5, 16, 32), 'mean': 33.09078125, 'std': 57.18919431382688, 'min': -187.0, 'max': 240.0, 'has_nan': False},{'layer': 3, 'shape': (32,), 'mean': 33.34375, 'std': 4.127721640021284, 'min': 24.0, 'max': 41.0, 'has_nan': False},{'layer': 4, 'shape': (1568, 120), 'mean': 4.933923256802721, 'std': 42.64763769041836, 'min': -193.0, 'max': 214.0, 'has_nan': False},{'layer': 5, 'shape': (120,), 'mean': 4.175, 'std': 4.996102647731196, 'min': -13.0, 'max': 16.0, 'has_nan': False},{'layer': 6, 'shape': (120, 84), 'mean': 8.934920634920635, 'std': 133.7701947771176, 'min': -537.0, 'max': 646.0, 'has_nan': False},{'layer': 7, 'shape': (84,), 'mean': 12.178571428571429, 'std': 5.978454797747281, 'min': -3.0, 'max': 26.0, 'has_nan': False},{'layer': 8, 'shape': (84, 10), 'mean': -24.298809523809524, 'std': 213.95469034913043, 'min': -683.0, 'max': 567.0, 'has_nan': False},{'layer': 9, 'shape': (10,), 'mean': -3.6, 'std': 19.39690696992693, 'min': -25.0, 'max': 42.0, 'has_nan': False}",1,0.1972,0.08359229324701362,2.3023170823034684,0.05576897750698045,0.1972,1764276366.5688536,2.1047537326812744,0.19816666666666666
49,"[0, 28, 952, 0, 0, 0, 0, 0, 0, 0],[0, 1039, 96, 0, 0, 0, 0, 0, 0, 0],[0, 99, 933, 0, 0, 0, 0, 0, 0, 0],[0, 169, 841, 0, 0, 0, 0, 0, 0, 0],[0, 310, 672, 0, 0, 0, 0, 0, 0, 0],[0, 223, 669, 0, 0, 0, 0, 0, 0, 0],[0, 110, 848, 0, 0, 0, 0, 0, 0, 0],[0, 442, 586, 0, 0, 0, 0, 0, 0, 0],[0, 82, 892, 0, 0, 0, 0, 0, 0, 0],[0, 277, 732, 0, 0, 0, 0, 0, 0, 0]",False,0,10,212542,"{'layer': 0, 'shape': (5, 5, 1, 16), 'mean': 69.685, 'std': 101.08830681636724, 'min': -164.0, 'max': 389.0, 'has_nan': False},{'layer': 1, 'shape': (16,), 'mean': 22.5, 'std': 4.373213921133975, 'min': 16.0, 'max': 31.0, 'has_nan': False},{'layer': 2, 'shape': (5, 5, 16, 32), 'mean': 33.09078125, 'std': 57.18919431382688, 'min': -187.0, 'max': 240.0, 'has_nan': False},{'layer': 3, 'shape': (32,), 'mean': 33.34375, 'std': 4.127721640021284, 'min': 24.0, 'max': 41.0, 'has_nan': False},{'layer': 4, 'shape': (1568, 120), 'mean': 4.933923256802721, 'std': 42.64763769041836, 'min': -193.0, 'max': 214.0, 'has_nan': False},{'layer': 5, 'shape': (120,), 'mean': 4.175, 'std': 4.996102647731196, 'min': -13.0, 'max': 16.0, 'has_nan': False},{'layer': 6, 'shape': (120, 84), 'mean': 8.934920634920635, 'std': 133.7701947771176, 'min': -537.0, 'max': 646.0, 'has_nan': False},{'layer': 7, 'shape': (84,), 'mean': 12.178571428571429, 'std': 5.978454797747281, 'min': -3.0, 'max': 26.0, 'has_nan': False},{'layer': 8, 'shape': (84, 10), 'mean': -24.298809523809524, 'std': 213.95469034913043, 'min': -683.0, 'max': 567.0, 'has_nan': False},{'layer': 9, 'shape': (10,), 'mean': -3.6, 'std': 19.39690696992693, 'min': -25.0, 'max': 42.0, 'has_nan': False}",1,0.1972,0.08359229324701362,2.3023170823034684,0.05576897750698045,0.1972,1764276389.1213303,2.127960681915283,0.19016666666666668
45,"[0, 28, 952, 0, 0, 0, 0, 0, 0, 0],[0, 1039, 96, 0, 0, 0, 0, 0, 0, 0],[0, 99, 933, 0, 0, 0, 0, 0, 0, 0],[0, 169, 841, 0, 0, 0, 0, 0, 0, 0],[0, 310, 672, 0, 0, 0, 0, 0, 0, 0],[0, 223, 669, 0, 0, 0, 0, 0, 0, 0],[0, 110, 848, 0, 0, 0, 0, 0, 0, 0],[0, 442, 586, 0, 0, 0, 0, 0, 0, 0],[0, 82, 892, 0, 0, 0, 0, 0, 0, 0],[0, 277, 732, 0, 0, 0, 0, 0, 0, 0]",False,0,10,212542,"{'layer': 0, 'shape': (5, 5, 1, 16), 'mean': 69.685, 'std': 101.08830681636724, 'min': -164.0, 'max': 389.0, 'has_nan': False},{'layer': 1, 'shape': (16,), 'mean': 22.5, 'std': 4.373213921133975, 'min': 16.0, 'max': 31.0, 'has_nan': False},{'layer': 2, 'shape': (5, 5, 16, 32), 'mean': 33.09078125, 'std': 57.18919431382688, 'min': -187.0, 'max': 240.0, 'has_nan': False},{'layer': 3, 'shape': (32,), 'mean': 33.34375, 'std': 4.127721640021284, 'min': 24.0, 'max': 41.0, 'has_nan': False},{'layer': 4, 'shape': (1568, 120), 'mean': 4.933923256802721, 'std': 42.64763769041836, 'min': -193.0, 'max': 214.0, 'has_nan': False},{'layer': 5, 'shape': (120,), 'mean': 4.175, 'std': 4.996102647731196, 'min': -13.0, 'max': 16.0, 'has_nan': False},{'layer': 6, 'shape': (120, 84), 'mean': 8.934920634920635, 'std': 133.7701947771176, 'min': -537.0, 'max': 646.0, 'has_nan': False},{'layer': 7, 'shape': (84,), 'mean': 12.178571428571429, 'std': 5.978454797747281, 'min': -3.0, 'max': 26.0, 'has_nan': False},{'layer': 8, 'shape': (84, 10), 'mean': -24.298809523809524, 'std': 213.95469034913043, 'min': -683.0, 'max': 567.0, 'has_nan': False},{'layer': 9, 'shape': (10,), 'mean': -3.6, 'std': 19.39690696992693, 'min': -25.0, 'max': 42.0, 'has_nan': False}",1,0.1972,0.08359229324701362,2.3023170823034684,0.05576897750698045,0.1972,1764276395.9342713,2.2141354084014893,0.182
43,"[970, 0, 10, 0, 0, 0, 0, 0, 0, 0],[529, 0, 606, 0, 0, 0, 0, 0, 0, 0],[587, 0, 445, 0, 0, 0, 0, 0, 0, 0],[814, 0, 196, 0, 0, 0, 0, 0, 0, 0],[431, 0, 551, 0, 0, 0, 0, 0, 0, 0],[782, 0, 110, 0, 0, 0, 0, 0, 0, 0],[190, 0, 768, 0, 0, 0, 0, 0, 0, 0],[883, 0, 145, 0, 0, 0, 0, 0, 0, 0],[866, 0, 108, 0, 0, 0, 0, 0, 0, 0],[691, 0, 318, 0, 0, 0, 0, 0, 0, 0]",False,0,10,212542,"{'layer': 0, 'shape': (5, 5, 1, 16), 'mean': 124.565, 'std': 100.67708664338674, 'min': -104.0, 'max': 438.0, 'has_nan': False},{'layer': 1, 'shape': (16,), 'mean': 28.0625, 'std': 4.696657721188547, 'min': 19.0, 'max': 37.0, 'has_nan': False},{'layer': 2, 'shape': (5, 5, 16, 32), 'mean': 52.359765625, 'std': 56.36765353968593, 'min': -164.0, 'max': 261.0, 'has_nan': False},{'layer': 3, 'shape': (32,), 'mean': 42.53125, 'std': 5.402455315641213, 'min': 31.0, 'max': 52.0, 'has_nan': False},{'layer': 4, 'shape': (1568, 120), 'mean': 10.947252338435375, 'std': 37.67580554897442, 'min': -158.0, 'max': 190.0, 'has_nan': False},{'layer': 5, 'shape': (120,), 'mean': 4.65, 'std': 6.252532820119113, 'min': -13.0, 'max': 20.0, 'has_nan': False},{'layer': 6, 'shape': (120, 84), 'mean': 16.557043650793652, 'std': 129.04715638641065, 'min': -493.0, 'max': 630.0, 'has_nan': False},{'layer': 7, 'shape': (84,), 'mean': 17.13095238095238, 'std': 9.413490524501276, 'min': -5.0, 'max': 39.0, 'has_nan': False},{'layer': 8, 'shape': (84, 10), 'mean': -31.667857142857144, 'std': 217.23215125359624, 'min': -677.0, 'max': 543.0, 'has_nan': False},{'layer': 9, 'shape': (10,), 'mean': -2.3, 'std': 38.322447729757556, 'min': -44.0, 'max': 84.0, 'has_nan': False}",2,0.1415,0.046032158667564584,2.295889686091893,0.028197674787636122,0.1415,1764276550.1699646,1.9851515293121338,0.14266666666666666
48,"[970, 0, 10, 0, 0, 0, 0, 0, 0, 0],[529, 0, 606, 0, 0, 0, 0, 0, 0, 0],[587, 0, 445, 0, 0, 0, 0, 0, 0, 0],[814, 0, 196, 0, 0, 0, 0, 0, 0, 0],[431, 0, 551, 0, 0, 0, 0, 0, 0, 0],[782, 0, 110, 0, 0, 0, 0, 0, 0, 0],[190, 0, 768, 0, 0, 0, 0, 0, 0, 0],[883, 0, 145, 0, 0, 0, 0, 0, 0, 0],[866, 0, 108, 0, 0, 0, 0, 0, 0, 0],[691, 0, 318, 0, 0, 0, 0, 0, 0, 0]",False,0,10,212542,"{'layer': 0, 'shape': (5, 5, 1, 16), 'mean': 124.565, 'std': 100.67708664338674, 'min': -104.0, 'max': 438.0, 'has_nan': False},{'layer': 1, 'shape': (16,), 'mean': 28.0625, 'std': 4.696657721188547, 'min': 19.0, 'max': 37.0, 'has_nan': False},{'layer': 2, 'shape': (5, 5, 16, 32), 'mean': 52.359765625, 'std': 56.36765353968593, 'min': -164.0, 'max': 261.0, 'has_nan': False},{'layer': 3, 'shape': (32,), 'mean': 42.53125, 'std': 5.402455315641213, 'min': 31.0, 'max': 52.0, 'has_nan': False},{'layer': 4, 'shape': (1568, 120), 'mean': 10.947252338435375, 'std': 37.67580554897442, 'min': -158.0, 'max': 190.0, 'has_nan': False},{'layer': 5, 'shape': (120,), 'mean': 4.65, 'std': 6.252532820119113, 'min': -13.0, 'max': 20.0, 'has_nan': False},{'layer': 6, 'shape': (120, 84), 'mean': 16.557043650793652, 'std': 129.04715638641065, 'min': -493.0, 'max': 630.0, 'has_nan': False},{'layer': 7, 'shape': (84,), 'mean': 17.13095238095238, 'std': 9.413490524501276, 'min': -5.0, 'max': 39.0, 'has_nan': False},{'layer': 8, 'shape': (84, 10), 'mean': -31.667857142857144, 'std': 217.23215125359624, 'min': -677.0, 'max': 543.0, 'has_nan': False},{'layer': 9, 'shape': (10,), 'mean': -2.3, 'std': 38.322447729757556, 'min': -44.0, 'max': 84.0, 'has_nan': False}",2,0.1415,0.046032158667564584,2.295889686091893,0.028197674787636122,0.1415,1764276573.1489384,2.034865617752075,0.1375
49,"[970, 0, 10, 0, 0, 0, 0, 0, 0, 0],[529, 0, 606, 0, 0, 0, 0, 0, 0, 0],[587, 0, 445, 0, 0, 0, 0, 0, 0, 0],[814, 0, 196, 0, 0, 0, 0, 0, 0, 0],[431, 0, 551, 0, 0, 0, 0, 0, 0, 0],[782, 0, 110, 0, 0, 0, 0, 0, 0, 0],[190, 0, 768, 0, 0, 0, 0, 0, 0, 0],[883, 0, 145, 0, 0, 0, 0, 0, 0, 0],[866, 0, 108, 0, 0, 0, 0, 0, 0, 0],[691, 0, 318, 0, 0, 0, 0, 0, 0, 0]",False,0,10,212542,"{'layer': 0, 'shape': (5, 5, 1, 16), 'mean': 124.565, 'std': 100.67708664338674, 'min': -104.0, 'max': 438.0, 'has_nan': False},{'layer': 1, 'shape': (16,), 'mean': 28.0625, 'std': 4.696657721188547, 'min': 19.0, 'max': 37.0, 'has_nan': False},{'layer': 2, 'shape': (5, 5, 16, 32), 'mean': 52.359765625, 'std': 56.36765353968593, 'min': -164.0, 'max': 261.0, 'has_nan': False},{'layer': 3, 'shape': (32,), 'mean': 42.53125, 'std': 5.402455315641213, 'min': 31.0, 'max': 52.0, 'has_nan': False},{'layer': 4, 'shape': (1568, 120), 'mean': 10.947252338435375, 'std': 37.67580554897442, 'min': -158.0, 'max': 190.0, 'has_nan': False},{'layer': 5, 'shape': (120,), 'mean': 4.65, 'std': 6.252532820119113, 'min': -13.0, 'max': 20.0, 'has_nan': False},{'layer': 6, 'shape': (120, 84), 'mean': 16.557043650793652, 'std': 129.04715638641065, 'min': -493.0, 'max': 630.0, 'has_nan': False},{'layer': 7, 'shape': (84,), 'mean': 17.13095238095238, 'std': 9.413490524501276, 'min': -5.0, 'max': 39.0, 'has_nan': False},{'layer': 8, 'shape': (84, 10), 'mean': -31.667857142857144, 'std': 217.23215125359624, 'min': -677.0, 'max': 543.0, 'has_nan': False},{'layer': 9, 'shape': (10,), 'mean': -2.3, 'std': 38.322447729757556, 'min': -44.0, 'max': 84.0, 'has_nan': False}",2,0.1415,0.046032158667564584,2.295889686091893,0.028197674787636122,0.1415,1764276594.1089523,2.0035343170166016,0.13966666666666666
45,"[970, 0, 10, 0, 0, 0, 0, 0, 0, 0],[529, 0, 606, 0, 0, 0, 0, 0, 0, 0],[587, 0, 445, 0, 0, 0, 0, 0, 0, 0],[814, 0, 196, 0, 0, 0, 0, 0, 0, 0],[431, 0, 551, 0, 0, 0, 0, 0, 0, 0],[782, 0, 110, 0, 0, 0, 0, 0, 0, 0],[190, 0, 768, 0, 0, 0, 0, 0, 0, 0],[883, 0, 145, 0, 0, 0, 0, 0, 0, 0],[866, 0, 108, 0, 0, 0, 0, 0, 0, 0],[691, 0, 318, 0, 0, 0, 0, 0, 0, 0]",False,0,10,212542,"{'layer': 0, 'shape': (5, 5, 1, 16), 'mean': 124.565, 'std': 100.67708664338674, 'min': -104.0, 'max': 438.0, 'has_nan': False},{'layer': 1, 'shape': (16,), 'mean': 28.0625, 'std': 4.696657721188547, 'min': 19.0, 'max': 37.0, 'has_nan': False},{'layer': 2, 'shape': (5, 5, 16, 32), 'mean': 52.359765625, 'std': 56.36765353968593, 'min': -164.0, 'max': 261.0, 'has_nan': False},{'layer': 3, 'shape': (32,), 'mean': 42.53125, 'std': 5.402455315641213, 'min': 31.0, 'max': 52.0, 'has_nan': False},{'layer': 4, 'shape': (1568, 120), 'mean': 10.947252338435375, 'std': 37.67580554897442, 'min': -158.0, 'max': 190.0, 'has_nan': False},{'layer': 5, 'shape': (120,), 'mean': 4.65, 'std': 6.252532820119113, 'min': -13.0, 'max': 20.0, 'has_nan': False},{'layer': 6, 'shape': (120, 84), 'mean': 16.557043650793652, 'std': 129.04715638641065, 'min': -493.0, 'max': 630.0, 'has_nan': False},{'layer': 7, 'shape': (84,), 'mean': 17.13095238095238, 'std': 9.413490524501276, 'min': -5.0, 'max': 39.0, 'has_nan': False},{'layer': 8, 'shape': (84, 10), 'mean': -31.667857142857144, 'std': 217.23215125359624, 'min': -677.0, 'max': 543.0, 'has_nan': False},{'layer': 9, 'shape': (10,), 'mean': -2.3, 'std': 38.322447729757556, 'min': -44.0, 'max': 84.0, 'has_nan': False}",2,0.1415,0.046032158667564584,2.295889686091893,0.028197674787636122,0.1415,1764276600.4230657,2.082780599594116,0.14133333333333334
43,"[980, 0, 0, 0, 0, 0, 0, 0, 0, 0],[956, 0, 0, 179, 0, 0, 0, 0, 0, 0],[1032, 0, 0, 0, 0, 0, 0, 0, 0, 0],[1010, 0, 0, 0, 0, 0, 0, 0, 0, 0],[982, 0, 0, 0, 0, 0, 0, 0, 0, 0],[892, 0, 0, 0, 0, 0, 0, 0, 0, 0],[958, 0, 0, 0, 0, 0, 0, 0, 0, 0],[1023, 0, 0, 4, 0, 0, 0, 1, 0, 0],[974, 0, 0, 0, 0, 0, 0, 0, 0, 0],[1005, 0, 0, 4, 0, 0, 0, 0, 0, 0]",False,0,10,212542,"{'layer': 0, 'shape': (5, 5, 1, 16), 'mean': 185.975, 'std': 99.14388218644658, 'min': -48.0, 'max': 487.0, 'has_nan': False},{'layer': 1, 'shape': (16,), 'mean': -24.5625, 'std': 1.3213984069916234, 'min': -27.0, 'max': -22.0, 'has_nan': False},{'layer': 2, 'shape': (5, 5, 16, 32), 'mean': 85.589453125, 'std': 58.88329663952612, 'min': -149.0, 'max': 292.0, 'has_nan': False},{'layer': 3, 'shape': (32,), 'mean': 15.65625, 'std': 5.554330377057166, 'min': 4.0, 'max': 28.0, 'has_nan': False},{'layer': 4, 'shape': (1568, 120), 'mean': 20.568856292517008, 'std': 47.99879975966903, 'min': -189.0, 'max': 252.0, 'has_nan': False},{'layer': 5, 'shape': (120,), 'mean': -6.008333333333334, 'std': 12.524306922496304, 'min': -37.0, 'max': 34.0, 'has_nan': False},{'layer': 6, 'shape': (120, 84), 'mean': 28.958134920634922, 'std': 133.06771397030678, 'min': -494.0, 'max': 616.0, 'has_nan': False},{'layer': 7, 'shape': (84,), 'mean': 10.452380952380953, 'std': 19.656820433863686, 'min': -29.0, 'max': 69.0, 'has_nan': False},{'layer': 8, 'shape': (84, 10), 'mean': -37.90714285714286, 'std': 229.70817603963465, 'min': -708.0, 'max': 542.0, 'has_nan': False},{'layer': 9, 'shape': (10,), 'mean': -3.2, 'std': 70.02399588712429, 'min': -90.0, 'max': 158.0, 'has_nan': False}",3,0.0981,0.017998174798882806,2.223645401421164,0.11258801467590707,0.0981,1764276751.008794,2.0136325359344482,0.09816666666666667
48,"[980, 0, 0, 0, 0, 0, 0, 0, 0, 0],[956, 0, 0, 179, 0, 0, 0, 0, 0, 0],[1032, 0, 0, 0, 0, 0, 0, 0, 0, 0],[1010, 0, 0, 0, 0, 0, 0, 0, 0, 0],[982, 0, 0, 0, 0, 0, 0, 0, 0, 0],[892, 0, 0, 0, 0, 0, 0, 0, 0, 0],[958, 0, 0, 0, 0, 0, 0, 0, 0, 0],[1023, 0, 0, 4, 0, 0, 0, 1, 0, 0],[974, 0, 0, 0, 0, 0, 0, 0, 0, 0],[1005, 0, 0, 4, 0, 0, 0, 0, 0, 0]",False,0,10,212542,"{'layer': 0, 'shape': (5, 5, 1, 16), 'mean': 185.975, 'std': 99.14388218644658, 'min': -48.0, 'max': 487.0, 'has_nan': False},{'layer': 1, 'shape': (16,), 'mean': -24.5625, 'std': 1.3213984069916234, 'min': -27.0, 'max': -22.0, 'has_nan': False},{'layer': 2, 'shape': (5, 5, 16, 32), 'mean': 85.589453125, 'std': 58.88329663952612, 'min': -149.0, 'max': 292.0, 'has_nan': False},{'layer': 3, 'shape': (32,), 'mean': 15.65625, 'std': 5.554330377057166, 'min': 4.0, 'max': 28.0, 'has_nan': False},{'layer': 4, 'shape': (1568, 120), 'mean': 20.568856292517008, 'std': 47.99879975966903, 'min': -189.0, 'max': 252.0, 'has_nan': False},{'layer': 5, 'shape': (120,), 'mean': -6.008333333333334, 'std': 12.524306922496304, 'min': -37.0, 'max': 34.0, 'has_nan': False},{'layer': 6, 'shape': (120, 84), 'mean': 28.958134920634922, 'std': 133.06771397030678, 'min': -494.0, 'max': 616.0, 'has_nan': False},{'layer': 7, 'shape': (84,), 'mean': 10.452380952380953, 'std': 19.656820433863686, 'min': -29.0, 'max': 69.0, 'has_nan': False},{'layer': 8, 'shape': (84, 10), 'mean': -37.90714285714286, 'std': 229.70817603963465, 'min': -708.0, 'max': 542.0, 'has_nan': False},{'layer': 9, 'shape': (10,), 'mean': -3.2, 'std': 70.02399588712429, 'min': -90.0, 'max': 158.0, 'has_nan': False}",3,0.0981,0.017998174798882806,2.223645401421164,0.11258801467590707,0.0981,1764276774.060217,2.0487115383148193,0.09483333333333334
49,"[980, 0, 0, 0, 0, 0, 0, 0, 0, 0],[956, 0, 0, 179, 0, 0, 0, 0, 0, 0],[1032, 0, 0, 0, 0, 0, 0, 0, 0, 0],[1010, 0, 0, 0, 0, 0, 0, 0, 0, 0],[982, 0, 0, 0, 0, 0, 0, 0, 0, 0],[892, 0, 0, 0, 0, 0, 0, 0, 0, 0],[958, 0, 0, 0, 0, 0, 0, 0, 0, 0],[1023, 0, 0, 4, 0, 0, 0, 1, 0, 0],[974, 0, 0, 0, 0, 0, 0, 0, 0, 0],[1005, 0, 0, 4, 0, 0, 0, 0, 0, 0]",False,0,10,212542,"{'layer': 0, 'shape': (5, 5, 1, 16), 'mean': 185.975, 'std': 99.14388218644658, 'min': -48.0, 'max': 487.0, 'has_nan': False},{'layer': 1, 'shape': (16,), 'mean': -24.5625, 'std': 1.3213984069916234, 'min': -27.0, 'max': -22.0, 'has_nan': False},{'layer': 2, 'shape': (5, 5, 16, 32), 'mean': 85.589453125, 'std': 58.88329663952612, 'min': -149.0, 'max': 292.0, 'has_nan': False},{'layer': 3, 'shape': (32,), 'mean': 15.65625, 'std': 5.554330377057166, 'min': 4.0, 'max': 28.0, 'has_nan': False},{'layer': 4, 'shape': (1568, 120), 'mean': 20.568856292517008, 'std': 47.99879975966903, 'min': -189.0, 'max': 252.0, 'has_nan': False},{'layer': 5, 'shape': (120,), 'mean': -6.008333333333334, 'std': 12.524306922496304, 'min': -37.0, 'max': 34.0, 'has_nan': False},{'layer': 6, 'shape': (120, 84), 'mean': 28.958134920634922, 'std': 133.06771397030678, 'min': -494.0, 'max': 616.0, 'has_nan': False},{'layer': 7, 'shape': (84,), 'mean': 10.452380952380953, 'std': 19.656820433863686, 'min': -29.0, 'max': 69.0, 'has_nan': False},{'layer': 8, 'shape': (84, 10), 'mean': -37.90714285714286, 'std': 229.70817603963465, 'min': -708.0, 'max': 542.0, 'has_nan': False},{'layer': 9, 'shape': (10,), 'mean': -3.2, 'std': 70.02399588712429, 'min': -90.0, 'max': 158.0, 'has_nan': False}",3,0.0981,0.017998174798882806,2.223645401421164,0.11258801467590707,0.0981,1764276795.091463,2.030918836593628,0.09633333333333334
45,"[980, 0, 0, 0, 0, 0, 0, 0, 0, 0],[956, 0, 0, 179, 0, 0, 0, 0, 0, 0],[1032, 0, 0, 0, 0, 0, 0, 0, 0, 0],[1010, 0, 0, 0, 0, 0, 0, 0, 0, 0],[982, 0, 0, 0, 0, 0, 0, 0, 0, 0],[892, 0, 0, 0, 0, 0, 0, 0, 0, 0],[958, 0, 0, 0, 0, 0, 0, 0, 0, 0],[1023, 0, 0, 4, 0, 0, 0, 1, 0, 0],[974, 0, 0, 0, 0, 0, 0, 0, 0, 0],[1005, 0, 0, 4, 0, 0, 0, 0, 0, 0]",False,0,10,212542,"{'layer': 0, 'shape': (5, 5, 1, 16), 'mean': 185.975, 'std': 99.14388218644658, 'min': -48.0, 'max': 487.0, 'has_nan': False},{'layer': 1, 'shape': (16,), 'mean': -24.5625, 'std': 1.3213984069916234, 'min': -27.0, 'max': -22.0, 'has_nan': False},{'layer': 2, 'shape': (5, 5, 16, 32), 'mean': 85.589453125, 'std': 58.88329663952612, 'min': -149.0, 'max': 292.0, 'has_nan': False},{'layer': 3, 'shape': (32,), 'mean': 15.65625, 'std': 5.554330377057166, 'min': 4.0, 'max': 28.0, 'has_nan': False},{'layer': 4, 'shape': (1568, 120), 'mean': 20.568856292517008, 'std': 47.99879975966903, 'min': -189.0, 'max': 252.0, 'has_nan': False},{'layer': 5, 'shape': (120,), 'mean': -6.008333333333334, 'std': 12.524306922496304, 'min': -37.0, 'max': 34.0, 'has_nan': False},{'layer': 6, 'shape': (120, 84), 'mean': 28.958134920634922, 'std': 133.06771397030678, 'min': -494.0, 'max': 616.0, 'has_nan': False},{'layer': 7, 'shape': (84,), 'mean': 10.452380952380953, 'std': 19.656820433863686, 'min': -29.0, 'max': 69.0, 'has_nan': False},{'layer': 8, 'shape': (84, 10), 'mean': -37.90714285714286, 'std': 229.70817603963465, 'min': -708.0, 'max': 542.0, 'has_nan': False},{'layer': 9, 'shape': (10,), 'mean': -3.2, 'std': 70.02399588712429, 'min': -90.0, 'max': 158.0, 'has_nan': False}",3,0.0981,0.017998174798882806,2.223645401421164,0.11258801467590707,0.0981,1764276801.4461741,2.0095388889312744,0.0985
43,"[859, 0, 13, 61, 3, 4, 7, 5, 28, 0],[5, 410, 1, 5, 1, 0, 5, 420, 193, 95],[137, 0, 531, 169, 14, 1, 160, 14, 3, 3],[72, 0, 33, 651, 2, 0, 8, 201, 27, 16],[12, 0, 1, 0, 425, 0, 47, 26, 0, 471],[89, 0, 36, 278, 80, 3, 25, 195, 136, 50],[32, 0, 89, 0, 31, 0, 785, 0, 17, 4],[6, 0, 3, 36, 9, 0, 3, 914, 15, 42],[60, 0, 9, 125, 17, 7, 19, 386, 286, 65],[13, 0, 4, 11, 72, 0, 14, 444, 7, 444]",False,0,10,212542,"{'layer': 0, 'shape': (5, 5, 1, 16), 'mean': 352.5825, 'std': 99.0548746592009, 'min': 110.0, 'max': 648.0, 'has_nan': False},{'layer': 1, 'shape': (16,), 'mean': 0.75, 'std': 1.8874586088176875, 'min': -4.0, 'max': 5.0, 'has_nan': False},{'layer': 2, 'shape': (5, 5, 16, 32), 'mean': 178.09578125, 'std': 88.2224888829495, 'min': -140.0, 'max': 442.0, 'has_nan': False},{'layer': 3, 'shape': (32,), 'mean': -19.28125, 'std': 3.484199827435275, 'min': -26.0, 'max': -9.0, 'has_nan': False},{'layer': 4, 'shape': (1568, 120), 'mean': 29.075876913265308, 'std': 84.80837210618523, 'min': -295.0, 'max': 371.0, 'has_nan': False},{'layer': 5, 'shape': (120,), 'mean': -13.925, 'std': 24.75081227623314, 'min': -63.0, 'max': 83.0, 'has_nan': False},{'layer': 6, 'shape': (120, 84), 'mean': 48.90922619047619, 'std': 159.4691074296248, 'min': -573.0, 'max': 610.0, 'has_nan': False},{'layer': 7, 'shape': (84,), 'mean': 5.833333333333333, 'std': 47.32205600063235, 'min': -66.0, 'max': 143.0, 'has_nan': False},{'layer': 8, 'shape': (84, 10), 'mean': -52.83452380952381, 'std': 277.1442550258274, 'min': -863.0, 'max': 620.0, 'has_nan': False},{'layer': 9, 'shape': (10,), 'mean': -3.9, 'std': 134.42577877773297, 'min': -231.0, 'max': 285.0, 'has_nan': False}",4,0.5308,0.5043634527817233,1.5536043015942471,0.5689174327746251,0.5308,1764276950.2902658,2.0026776790618896,0.5383333333333333
48,"[859, 0, 13, 61, 3, 4, 7, 5, 28, 0],[5, 410, 1, 5, 1, 0, 5, 420, 193, 95],[137, 0, 531, 169, 14, 1, 160, 14, 3, 3],[72, 0, 33, 651, 2, 0, 8, 201, 27, 16],[12, 0, 1, 0, 425, 0, 47, 26, 0, 471],[89, 0, 36, 278, 80, 3, 25, 195, 136, 50],[32, 0, 89, 0, 31, 0, 785, 0, 17, 4],[6, 0, 3, 36, 9, 0, 3, 914, 15, 42],[60, 0, 9, 125, 17, 7, 19, 386, 286, 65],[13, 0, 4, 11, 72, 0, 14, 444, 7, 444]",False,0,10,212542,"{'layer': 0, 'shape': (5, 5, 1, 16), 'mean': 352.5825, 'std': 99.0548746592009, 'min': 110.0, 'max': 648.0, 'has_nan': False},{'layer': 1, 'shape': (16,), 'mean': 0.75, 'std': 1.8874586088176875, 'min': -4.0, 'max': 5.0, 'has_nan': False},{'layer': 2, 'shape': (5, 5, 16, 32), 'mean': 178.09578125, 'std': 88.2224888829495, 'min': -140.0, 'max': 442.0, 'has_nan': False},{'layer': 3, 'shape': (32,), 'mean': -19.28125, 'std': 3.484199827435275, 'min': -26.0, 'max': -9.0, 'has_nan': False},{'layer': 4, 'shape': (1568, 120), 'mean': 29.075876913265308, 'std': 84.80837210618523, 'min': -295.0, 'max': 371.0, 'has_nan': False},{'layer': 5, 'shape': (120,), 'mean': -13.925, 'std': 24.75081227623314, 'min': -63.0, 'max': 83.0, 'has_nan': False},{'layer': 6, 'shape': (120, 84), 'mean': 48.90922619047619, 'std': 159.4691074296248, 'min': -573.0, 'max': 610.0, 'has_nan': False},{'layer': 7, 'shape': (84,), 'mean': 5.833333333333333, 'std': 47.32205600063235, 'min': -66.0, 'max': 143.0, 'has_nan': False},{'layer': 8, 'shape': (84, 10), 'mean': -52.83452380952381, 'std': 277.1442550258274, 'min': -863.0, 'max': 620.0, 'has_nan': False},{'layer': 9, 'shape': (10,), 'mean': -3.9, 'std': 134.42577877773297, 'min': -231.0, 'max': 285.0, 'has_nan': False}",4,0.5308,0.5043634527817233,1.5536043015942471,0.5689174327746251,0.5308,1764276973.2201457,1.961625099182129,0.5241666666666667
49,"[859, 0, 13, 61, 3, 4, 7, 5, 28, 0],[5, 410, 1, 5, 1, 0, 5, 420, 193, 95],[137, 0, 531, 169, 14, 1, 160, 14, 3, 3],[72, 0, 33, 651, 2, 0, 8, 201, 27, 16],[12, 0, 1, 0, 425, 0, 47, 26, 0, 471],[89, 0, 36, 278, 80, 3, 25, 195, 136, 50],[32, 0, 89, 0, 31, 0, 785, 0, 17, 4],[6, 0, 3, 36, 9, 0, 3, 914, 15, 42],[60, 0, 9, 125, 17, 7, 19, 386, 286, 65],[13, 0, 4, 11, 72, 0, 14, 444, 7, 444]",False,0,10,212542,"{'layer': 0, 'shape': (5, 5, 1, 16), 'mean': 352.5825, 'std': 99.0548746592009, 'min': 110.0, 'max': 648.0, 'has_nan': False},{'layer': 1, 'shape': (16,), 'mean': 0.75, 'std': 1.8874586088176875, 'min': -4.0, 'max': 5.0, 'has_nan': False},{'layer': 2, 'shape': (5, 5, 16, 32), 'mean': 178.09578125, 'std': 88.2224888829495, 'min': -140.0, 'max': 442.0, 'has_nan': False},{'layer': 3, 'shape': (32,), 'mean': -19.28125, 'std': 3.484199827435275, 'min': -26.0, 'max': -9.0, 'has_nan': False},{'layer': 4, 'shape': (1568, 120), 'mean': 29.075876913265308, 'std': 84.80837210618523, 'min': -295.0, 'max': 371.0, 'has_nan': False},{'layer': 5, 'shape': (120,), 'mean': -13.925, 'std': 24.75081227623314, 'min': -63.0, 'max': 83.0, 'has_nan': False},{'layer': 6, 'shape': (120, 84), 'mean': 48.90922619047619, 'std': 159.4691074296248, 'min': -573.0, 'max': 610.0, 'has_nan': False},{'layer': 7, 'shape': (84,), 'mean': 5.833333333333333, 'std': 47.32205600063235, 'min': -66.0, 'max': 143.0, 'has_nan': False},{'layer': 8, 'shape': (84, 10), 'mean': -52.83452380952381, 'std': 277.1442550258274, 'min': -863.0, 'max': 620.0, 'has_nan': False},{'layer': 9, 'shape': (10,), 'mean': -3.9, 'std': 134.42577877773297, 'min': -231.0, 'max': 285.0, 'has_nan': False}",4,0.5308,0.5043634527817233,1.5536043015942471,0.5689174327746251,0.5308,1764276994.0062623,1.9925601482391357,0.5318333333333334
45,"[859, 0, 13, 61, 3, 4, 7, 5, 28, 0],[5, 410, 1, 5, 1, 0, 5, 420, 193, 95],[137, 0, 531, 169, 14, 1, 160, 14, 3, 3],[72, 0, 33, 651, 2, 0, 8, 201, 27, 16],[12, 0, 1, 0, 425, 0, 47, 26, 0, 471],[89, 0, 36, 278, 80, 3, 25, 195, 136, 50],[32, 0, 89, 0, 31, 0, 785, 0, 17, 4],[6, 0, 3, 36, 9, 0, 3, 914, 15, 42],[60, 0, 9, 125, 17, 7, 19, 386, 286, 65],[13, 0, 4, 11, 72, 0, 14, 444, 7, 444]",False,0,10,212542,"{'layer': 0, 'shape': (5, 5, 1, 16), 'mean': 352.5825, 'std': 99.0548746592009, 'min': 110.0, 'max': 648.0, 'has_nan': False},{'layer': 1, 'shape': (16,), 'mean': 0.75, 'std': 1.8874586088176875, 'min': -4.0, 'max': 5.0, 'has_nan': False},{'layer': 2, 'shape': (5, 5, 16, 32), 'mean': 178.09578125, 'std': 88.2224888829495, 'min': -140.0, 'max': 442.0, 'has_nan': False},{'layer': 3, 'shape': (32,), 'mean': -19.28125, 'std': 3.484199827435275, 'min': -26.0, 'max': -9.0, 'has_nan': False},{'layer': 4, 'shape': (1568, 120), 'mean': 29.075876913265308, 'std': 84.80837210618523, 'min': -295.0, 'max': 371.0, 'has_nan': False},{'layer': 5, 'shape': (120,), 'mean': -13.925, 'std': 24.75081227623314, 'min': -63.0, 'max': 83.0, 'has_nan': False},{'layer': 6, 'shape': (120, 84), 'mean': 48.90922619047619, 'std': 159.4691074296248, 'min': -573.0, 'max': 610.0, 'has_nan': False},{'layer': 7, 'shape': (84,), 'mean': 5.833333333333333, 'std': 47.32205600063235, 'min': -66.0, 'max': 143.0, 'has_nan': False},{'layer': 8, 'shape': (84, 10), 'mean': -52.83452380952381, 'std': 277.1442550258274, 'min': -863.0, 'max': 620.0, 'has_nan': False},{'layer': 9, 'shape': (10,), 'mean': -3.9, 'std': 134.42577877773297, 'min': -231.0, 'max': 285.0, 'has_nan': False}",4,0.5308,0.5043634527817233,1.5536043015942471,0.5689174327746251,0.5308,1764277000.297227,1.977851390838623,0.5241666666666667
43,"[796, 7, 23, 33, 21, 50, 4, 5, 40, 1],[0, 1098, 2, 7, 0, 0, 5, 1, 19, 3],[28, 2, 628, 179, 34, 3, 138, 9, 7, 4],[6, 43, 40, 730, 4, 7, 3, 143, 23, 11],[1, 4, 0, 0, 655, 0, 28, 2, 0, 292],[30, 24, 46, 239, 95, 72, 13, 158, 149, 66],[18, 17, 31, 0, 35, 1, 849, 0, 7, 0],[1, 43, 5, 34, 8, 3, 3, 850, 12, 69],[20, 230, 10, 56, 27, 37, 14, 211, 282, 87],[6, 14, 1, 7, 105, 5, 4, 150, 2, 715]",False,0,10,212542,"{'layer': 0, 'shape': (5, 5, 1, 16), 'mean': 468.9825, 'std': 104.13146591568756, 'min': 207.0, 'max': 761.0, 'has_nan': False},{'layer': 1, 'shape': (16,), 'mean': -22.6875, 'std': 1.7929985359726315, 'min': -26.0, 'max': -19.0, 'has_nan': False},{'layer': 2, 'shape': (5, 5, 16, 32), 'mean': 227.038046875, 'std': 137.28916405915035, 'min': -197.0, 'max': 584.0, 'has_nan': False},{'layer': 3, 'shape': (32,), 'mean': -39.9375, 'std': 3.578909575555102, 'min': -47.0, 'max': -33.0, 'has_nan': False},{'layer': 4, 'shape': (1568, 120), 'mean': 19.308816964285715, 'std': 112.05866082571957, 'min': -407.0, 'max': 481.0, 'has_nan': False},{'layer': 5, 'shape': (120,), 'mean': -17.066666666666666, 'std': 32.93825874099736, 'min': -73.0, 'max': 115.0, 'has_nan': False},{'layer': 6, 'shape': (120, 84), 'mean': 46.061210317460315, 'std': 180.29921978225718, 'min': -690.0, 'max': 676.0, 'has_nan': False},{'layer': 7, 'shape': (84,), 'mean': 6.488095238095238, 'std': 69.26991617468634, 'min': -96.0, 'max': 185.0, 'has_nan': False},{'layer': 8, 'shape': (84, 10), 'mean': -63.720238095238095, 'std': 308.97984842587493, 'min': -969.0, 'max': 695.0, 'has_nan': False},{'layer': 9, 'shape': (10,), 'mean': -5.6, 'std': 182.16267455217056, 'min': -309.0, 'max': 411.0, 'has_nan': False}",5,0.6675,0.6400555882635935,1.0645594627694006,0.6538570391935323,0.6675,1764277148.9307437,1.9536733627319336,0.6675
48,"[796, 7, 23, 33, 21, 50, 4, 5, 40, 1],[0, 1098, 2, 7, 0, 0, 5, 1, 19, 3],[28, 2, 628, 179, 34, 3, 138, 9, 7, 4],[6, 43, 40, 730, 4, 7, 3, 143, 23, 11],[1, 4, 0, 0, 655, 0, 28, 2, 0, 292],[30, 24, 46, 239, 95, 72, 13, 158, 149, 66],[18, 17, 31, 0, 35, 1, 849, 0, 7, 0],[1, 43, 5, 34, 8, 3, 3, 850, 12, 69],[20, 230, 10, 56, 27, 37, 14, 211, 282, 87],[6, 14, 1, 7, 105, 5, 4, 150, 2, 715]",False,0,10,212542,"{'layer': 0, 'shape': (5, 5, 1, 16), 'mean': 468.9825, 'std': 104.13146591568756, 'min': 207.0, 'max': 761.0, 'has_nan': False},{'layer': 1, 'shape': (16,), 'mean': -22.6875, 'std': 1.7929985359726315, 'min': -26.0, 'max': -19.0, 'has_nan': False},{'layer': 2, 'shape': (5, 5, 16, 32), 'mean': 227.038046875, 'std': 137.28916405915035, 'min': -197.0, 'max': 584.0, 'has_nan': False},{'layer': 3, 'shape': (32,), 'mean': -39.9375, 'std': 3.578909575555102, 'min': -47.0, 'max': -33.0, 'has_nan': False},{'layer': 4, 'shape': (1568, 120), 'mean': 19.308816964285715, 'std': 112.05866082571957, 'min': -407.0, 'max': 481.0, 'has_nan': False},{'layer': 5, 'shape': (120,), 'mean': -17.066666666666666, 'std': 32.93825874099736, 'min': -73.0, 'max': 115.0, 'has_nan': False},{'layer': 6, 'shape': (120, 84), 'mean': 46.061210317460315, 'std': 180.29921978225718, 'min': -690.0, 'max': 676.0, 'has_nan': False},{'layer': 7, 'shape': (84,), 'mean': 6.488095238095238, 'std': 69.26991617468634, 'min': -96.0, 'max': 185.0, 'has_nan': False},{'layer': 8, 'shape': (84, 10), 'mean': -63.720238095238095, 'std': 308.97984842587493, 'min': -969.0, 'max': 695.0, 'has_nan': False},{'layer': 9, 'shape': (10,), 'mean': -5.6, 'std': 182.16267455217056, 'min': -309.0, 'max': 411.0, 'has_nan': False}",5,0.6675,0.6400555882635935,1.0645594627694006,0.6538570391935323,0.6675,1764277172.1886492,2.0288901329040527,0.6621666666666667
49,"[796, 7, 23, 33, 21, 50, 4, 5, 40, 1],[0, 1098, 2, 7, 0, 0, 5, 1, 19, 3],[28, 2, 628, 179, 34, 3, 138, 9, 7, 4],[6, 43, 40, 730, 4, 7, 3, 143, 23, 11],[1, 4, 0, 0, 655, 0, 28, 2, 0, 292],[30, 24, 46, 239, 95, 72, 13, 158, 149, 66],[18, 17, 31, 0, 35, 1, 849, 0, 7, 0],[1, 43, 5, 34, 8, 3, 3, 850, 12, 69],[20, 230, 10, 56, 27, 37, 14, 211, 282, 87],[6, 14, 1, 7, 105, 5, 4, 150, 2, 715]",False,0,10,212542,"{'layer': 0, 'shape': (5, 5, 1, 16), 'mean': 468.9825, 'std': 104.13146591568756, 'min': 207.0, 'max': 761.0, 'has_nan': False},{'layer': 1, 'shape': (16,), 'mean': -22.6875, 'std': 1.7929985359726315, 'min': -26.0, 'max': -19.0, 'has_nan': False},{'layer': 2, 'shape': (5, 5, 16, 32), 'mean': 227.038046875, 'std': 137.28916405915035, 'min': -197.0, 'max': 584.0, 'has_nan': False},{'layer': 3, 'shape': (32,), 'mean': -39.9375, 'std': 3.578909575555102, 'min': -47.0, 'max': -33.0, 'has_nan': False},{'layer': 4, 'shape': (1568, 120), 'mean': 19.308816964285715, 'std': 112.05866082571957, 'min': -407.0, 'max': 481.0, 'has_nan': False},{'layer': 5, 'shape': (120,), 'mean': -17.066666666666666, 'std': 32.93825874099736, 'min': -73.0, 'max': 115.0, 'has_nan': False},{'layer': 6, 'shape': (120, 84), 'mean': 46.061210317460315, 'std': 180.29921978225718, 'min': -690.0, 'max': 676.0, 'has_nan': False},{'layer': 7, 'shape': (84,), 'mean': 6.488095238095238, 'std': 69.26991617468634, 'min': -96.0, 'max': 185.0, 'has_nan': False},{'layer': 8, 'shape': (84, 10), 'mean': -63.720238095238095, 'std': 308.97984842587493, 'min': -969.0, 'max': 695.0, 'has_nan': False},{'layer': 9, 'shape': (10,), 'mean': -5.6, 'std': 182.16267455217056, 'min': -309.0, 'max': 411.0, 'has_nan': False}",5,0.6675,0.6400555882635935,1.0645594627694006,0.6538570391935323,0.6675,1764277193.2269824,2.0847833156585693,0.6563333333333333
45,"[796, 7, 23, 33, 21, 50, 4, 5, 40, 1],[0, 1098, 2, 7, 0, 0, 5, 1, 19, 3],[28, 2, 628, 179, 34, 3, 138, 9, 7, 4],[6, 43, 40, 730, 4, 7, 3, 143, 23, 11],[1, 4, 0, 0, 655, 0, 28, 2, 0, 292],[30, 24, 46, 239, 95, 72, 13, 158, 149, 66],[18, 17, 31, 0, 35, 1, 849, 0, 7, 0],[1, 43, 5, 34, 8, 3, 3, 850, 12, 69],[20, 230, 10, 56, 27, 37, 14, 211, 282, 87],[6, 14, 1, 7, 105, 5, 4, 150, 2, 715]",False,0,10,212542,"{'layer': 0, 'shape': (5, 5, 1, 16), 'mean': 468.9825, 'std': 104.13146591568756, 'min': 207.0, 'max': 761.0, 'has_nan': False},{'layer': 1, 'shape': (16,), 'mean': -22.6875, 'std': 1.7929985359726315, 'min': -26.0, 'max': -19.0, 'has_nan': False},{'layer': 2, 'shape': (5, 5, 16, 32), 'mean': 227.038046875, 'std': 137.28916405915035, 'min': -197.0, 'max': 584.0, 'has_nan': False},{'layer': 3, 'shape': (32,), 'mean': -39.9375, 'std': 3.578909575555102, 'min': -47.0, 'max': -33.0, 'has_nan': False},{'layer': 4, 'shape': (1568, 120), 'mean': 19.308816964285715, 'std': 112.05866082571957, 'min': -407.0, 'max': 481.0, 'has_nan': False},{'layer': 5, 'shape': (120,), 'mean': -17.066666666666666, 'std': 32.93825874099736, 'min': -73.0, 'max': 115.0, 'has_nan': False},{'layer': 6, 'shape': (120, 84), 'mean': 46.061210317460315, 'std': 180.29921978225718, 'min': -690.0, 'max': 676.0, 'has_nan': False},{'layer': 7, 'shape': (84,), 'mean': 6.488095238095238, 'std': 69.26991617468634, 'min': -96.0, 'max': 185.0, 'has_nan': False},{'layer': 8, 'shape': (84, 10), 'mean': -63.720238095238095, 'std': 308.97984842587493, 'min': -969.0, 'max': 695.0, 'has_nan': False},{'layer': 9, 'shape': (10,), 'mean': -5.6, 'std': 182.16267455217056, 'min': -309.0, 'max': 411.0, 'has_nan': False}",5,0.6675,0.6400555882635935,1.0645594627694006,0.6538570391935323,0.6675,1764277199.476429,1.9648914337158203,0.6543333333333333
43,"[845, 3, 12, 7, 14, 54, 6, 3, 36, 0],[0, 1111, 3, 7, 1, 0, 3, 1, 9, 0],[18, 3, 672, 161, 33, 4, 124, 9, 6, 2],[4, 39, 48, 757, 3, 6, 1, 121, 24, 7],[1, 4, 0, 0, 743, 0, 37, 2, 0, 195],[35, 18, 49, 204, 101, 166, 12, 99, 169, 39],[18, 20, 20, 0, 23, 1, 865, 0, 10, 1],[0, 35, 7, 41, 9, 2, 2, 857, 9, 66],[30, 181, 12, 56, 33, 64, 15, 153, 359, 71],[8, 10, 1, 8, 132, 4, 4, 143, 2, 697]",False,0,10,212542,"{'layer': 0, 'shape': (5, 5, 1, 16), 'mean': 505.3775, 'std': 110.14771896753015, 'min': 215.0, 'max': 793.0, 'has_nan': False},{'layer': 1, 'shape': (16,), 'mean': -16.5, 'std': 1.4142135623730951, 'min': -18.0, 'max': -14.0, 'has_nan': False},{'layer': 2, 'shape': (5, 5, 16, 32), 'mean': 231.4253125, 'std': 166.47548913962484, 'min': -242.0, 'max': 650.0, 'has_nan': False},{'layer': 3, 'shape': (32,), 'mean': -45.6875, 'std': 4.354864377911211, 'min': -55.0, 'max': -36.0, 'has_nan': False},{'layer': 4, 'shape': (1568, 120), 'mean': 12.738679846938776, 'std': 123.15999819606671, 'min': -476.0, 'max': 529.0, 'has_nan': False},{'layer': 5, 'shape': (120,), 'mean': -17.033333333333335, 'std': 39.78670911525886, 'min': -81.0, 'max': 134.0, 'has_nan': False},{'layer': 6, 'shape': (120, 84), 'mean': 41.32202380952381, 'std': 188.2547709904482, 'min': -734.0, 'max': 696.0, 'has_nan': False},{'layer': 7, 'shape': (84,), 'mean': 8.202380952380953, 'std': 84.8394533897639, 'min': -115.0, 'max': 218.0, 'has_nan': False},{'layer': 8, 'shape': (84, 10), 'mean': -69.3797619047619, 'std': 323.29346070292956, 'min': -1100.0, 'max': 762.0, 'has_nan': False},{'layer': 9, 'shape': (10,), 'mean': -7.3, 'std': 211.2818260049832, 'min': -346.0, 'max': 492.0, 'has_nan': False}",6,0.7072,0.6876653839468152,0.9060122534028263,0.6989493748984003,0.7072,1764277349.65439,1.9296855926513672,0.7011666666666667
48,"[845, 3, 12, 7, 14, 54, 6, 3, 36, 0],[0, 1111, 3, 7, 1, 0, 3, 1, 9, 0],[18, 3, 672, 161, 33, 4, 124, 9, 6, 2],[4, 39, 48, 757, 3, 6, 1, 121, 24, 7],[1, 4, 0, 0, 743, 0, 37, 2, 0, 195],[35, 18, 49, 204, 101, 166, 12, 99, 169, 39],[18, 20, 20, 0, 23, 1, 865, 0, 10, 1],[0, 35, 7, 41, 9, 2, 2, 857, 9, 66],[30, 181, 12, 56, 33, 64, 15, 153, 359, 71],[8, 10, 1, 8, 132, 4, 4, 143, 2, 697]",False,0,10,212542,"{'layer': 0, 'shape': (5, 5, 1, 16), 'mean': 505.3775, 'std': 110.14771896753015, 'min': 215.0, 'max': 793.0, 'has_nan': False},{'layer': 1, 'shape': (16,), 'mean': -16.5, 'std': 1.4142135623730951, 'min': -18.0, 'max': -14.0, 'has_nan': False},{'layer': 2, 'shape': (5, 5, 16, 32), 'mean': 231.4253125, 'std': 166.47548913962484, 'min': -242.0, 'max': 650.0, 'has_nan': False},{'layer': 3, 'shape': (32,), 'mean': -45.6875, 'std': 4.354864377911211, 'min': -55.0, 'max': -36.0, 'has_nan': False},{'layer': 4, 'shape': (1568, 120), 'mean': 12.738679846938776, 'std': 123.15999819606671, 'min': -476.0, 'max': 529.0, 'has_nan': False},{'layer': 5, 'shape': (120,), 'mean': -17.033333333333335, 'std': 39.78670911525886, 'min': -81.0, 'max': 134.0, 'has_nan': False},{'layer': 6, 'shape': (120, 84), 'mean': 41.32202380952381, 'std': 188.2547709904482, 'min': -734.0, 'max': 696.0, 'has_nan': False},{'layer': 7, 'shape': (84,), 'mean': 8.202380952380953, 'std': 84.8394533897639, 'min': -115.0, 'max': 218.0, 'has_nan': False},{'layer': 8, 'shape': (84, 10), 'mean': -69.3797619047619, 'std': 323.29346070292956, 'min': -1100.0, 'max': 762.0, 'has_nan': False},{'layer': 9, 'shape': (10,), 'mean': -7.3, 'std': 211.2818260049832, 'min': -346.0, 'max': 492.0, 'has_nan': False}",6,0.7072,0.6876653839468152,0.9060122534028263,0.6989493748984003,0.7072,1764277372.7125864,2.0550217628479004,0.6963333333333334
49,"[845, 3, 12, 7, 14, 54, 6, 3, 36, 0],[0, 1111, 3, 7, 1, 0, 3, 1, 9, 0],[18, 3, 672, 161, 33, 4, 124, 9, 6, 2],[4, 39, 48, 757, 3, 6, 1, 121, 24, 7],[1, 4, 0, 0, 743, 0, 37, 2, 0, 195],[35, 18, 49, 204, 101, 166, 12, 99, 169, 39],[18, 20, 20, 0, 23, 1, 865, 0, 10, 1],[0, 35, 7, 41, 9, 2, 2, 857, 9, 66],[30, 181, 12, 56, 33, 64, 15, 153, 359, 71],[8, 10, 1, 8, 132, 4, 4, 143, 2, 697]",False,0,10,212542,"{'layer': 0, 'shape': (5, 5, 1, 16), 'mean': 505.3775, 'std': 110.14771896753015, 'min': 215.0, 'max': 793.0, 'has_nan': False},{'layer': 1, 'shape': (16,), 'mean': -16.5, 'std': 1.4142135623730951, 'min': -18.0, 'max': -14.0, 'has_nan': False},{'layer': 2, 'shape': (5, 5, 16, 32), 'mean': 231.4253125, 'std': 166.47548913962484, 'min': -242.0, 'max': 650.0, 'has_nan': False},{'layer': 3, 'shape': (32,), 'mean': -45.6875, 'std': 4.354864377911211, 'min': -55.0, 'max': -36.0, 'has_nan': False},{'layer': 4, 'shape': (1568, 120), 'mean': 12.738679846938776, 'std': 123.15999819606671, 'min': -476.0, 'max': 529.0, 'has_nan': False},{'layer': 5, 'shape': (120,), 'mean': -17.033333333333335, 'std': 39.78670911525886, 'min': -81.0, 'max': 134.0, 'has_nan': False},{'layer': 6, 'shape': (120, 84), 'mean': 41.32202380952381, 'std': 188.2547709904482, 'min': -734.0, 'max': 696.0, 'has_nan': False},{'layer': 7, 'shape': (84,), 'mean': 8.202380952380953, 'std': 84.8394533897639, 'min': -115.0, 'max': 218.0, 'has_nan': False},{'layer': 8, 'shape': (84, 10), 'mean': -69.3797619047619, 'std': 323.29346070292956, 'min': -1100.0, 'max': 762.0, 'has_nan': False},{'layer': 9, 'shape': (10,), 'mean': -7.3, 'std': 211.2818260049832, 'min': -346.0, 'max': 492.0, 'has_nan': False}",6,0.7072,0.6876653839468152,0.9060122534028263,0.6989493748984003,0.7072,1764277393.7265172,2.018634796142578,0.6971666666666667
45,"[845, 3, 12, 7, 14, 54, 6, 3, 36, 0],[0, 1111, 3, 7, 1, 0, 3, 1, 9, 0],[18, 3, 672, 161, 33, 4, 124, 9, 6, 2],[4, 39, 48, 757, 3, 6, 1, 121, 24, 7],[1, 4, 0, 0, 743, 0, 37, 2, 0, 195],[35, 18, 49, 204, 101, 166, 12, 99, 169, 39],[18, 20, 20, 0, 23, 1, 865, 0, 10, 1],[0, 35, 7, 41, 9, 2, 2, 857, 9, 66],[30, 181, 12, 56, 33, 64, 15, 153, 359, 71],[8, 10, 1, 8, 132, 4, 4, 143, 2, 697]",False,0,10,212542,"{'layer': 0, 'shape': (5, 5, 1, 16), 'mean': 505.3775, 'std': 110.14771896753015, 'min': 215.0, 'max': 793.0, 'has_nan': False},{'layer': 1, 'shape': (16,), 'mean': -16.5, 'std': 1.4142135623730951, 'min': -18.0, 'max': -14.0, 'has_nan': False},{'layer': 2, 'shape': (5, 5, 16, 32), 'mean': 231.4253125, 'std': 166.47548913962484, 'min': -242.0, 'max': 650.0, 'has_nan': False},{'layer': 3, 'shape': (32,), 'mean': -45.6875, 'std': 4.354864377911211, 'min': -55.0, 'max': -36.0, 'has_nan': False},{'layer': 4, 'shape': (1568, 120), 'mean': 12.738679846938776, 'std': 123.15999819606671, 'min': -476.0, 'max': 529.0, 'has_nan': False},{'layer': 5, 'shape': (120,), 'mean': -17.033333333333335, 'std': 39.78670911525886, 'min': -81.0, 'max': 134.0, 'has_nan': False},{'layer': 6, 'shape': (120, 84), 'mean': 41.32202380952381, 'std': 188.2547709904482, 'min': -734.0, 'max': 696.0, 'has_nan': False},{'layer': 7, 'shape': (84,), 'mean': 8.202380952380953, 'std': 84.8394533897639, 'min': -115.0, 'max': 218.0, 'has_nan': False},{'layer': 8, 'shape': (84, 10), 'mean': -69.3797619047619, 'std': 323.29346070292956, 'min': -1100.0, 'max': 762.0, 'has_nan': False},{'layer': 9, 'shape': (10,), 'mean': -7.3, 'std': 211.2818260049832, 'min': -346.0, 'max': 492.0, 'has_nan': False}",6,0.7072,0.6876653839468152,0.9060122534028263,0.6989493748984003,0.7072,1764277399.9730844,1.9355337619781494,0.693
43,"[880, 3, 5, 2, 14, 44, 4, 2, 26, 0],[0, 1118, 4, 7, 0, 0, 2, 0, 3, 1],[22, 3, 701, 139, 31, 4, 112, 9, 9, 2],[4, 34, 47, 777, 3, 10, 1, 103, 25, 6],[1, 3, 0, 0, 764, 0, 37, 2, 0, 175],[45, 11, 37, 154, 86, 290, 13, 56, 169, 31],[19, 15, 13, 0, 21, 2, 874, 1, 13, 0],[0, 32, 7, 46, 8, 2, 2, 859, 4, 68],[36, 122, 9, 47, 33, 98, 14, 97, 460, 58],[8, 7, 0, 9, 132, 6, 5, 126, 4, 712]",False,0,10,212542,"{'layer': 0, 'shape': (5, 5, 1, 16), 'mean': 541.415, 'std': 117.11418690747931, 'min': 223.0, 'max': 824.0, 'has_nan': False},{'layer': 1, 'shape': (16,), 'mean': -8.875, 'std': 0.9921567416492215, 'min': -11.0, 'max': -7.0, 'has_nan': False},{'layer': 2, 'shape': (5, 5, 16, 32), 'mean': 235.97765625, 'std': 191.94642433048037, 'min': -277.0, 'max': 712.0, 'has_nan': False},{'layer': 3, 'shape': (32,), 'mean': -44.4375, 'std': 4.821420304225716, 'min': -54.0, 'max': -33.0, 'has_nan': False},{'layer': 4, 'shape': (1568, 120), 'mean': 9.044600340136055, 'std': 130.67180991081239, 'min': -510.0, 'max': 543.0, 'has_nan': False},{'layer': 5, 'shape': (120,), 'mean': -16.266666666666666, 'std': 45.82479920547631, 'min': -93.0, 'max': 151.0, 'has_nan': False},{'layer': 6, 'shape': (120, 84), 'mean': 38.40138888888889, 'std': 194.25258164117528, 'min': -750.0, 'max': 702.0, 'has_nan': False},{'layer': 7, 'shape': (84,), 'mean': 9.833333333333334, 'std': 98.19972763677355, 'min': -143.0, 'max': 240.0, 'has_nan': False},{'layer': 8, 'shape': (84, 10), 'mean': -73.8202380952381, 'std': 334.05756535569117, 'min': -1193.0, 'max': 796.0, 'has_nan': False},{'layer': 9, 'shape': (10,), 'mean': -33.6, 'std': 234.40614326420715, 'min': -372.0, 'max': 548.0, 'has_nan': False}",7,0.7435,0.7320017423557312,0.789932455026599,0.7390024885602711,0.7435,1764277549.6480007,2.0237972736358643,0.733
48,"[880, 3, 5, 2, 14, 44, 4, 2, 26, 0],[0, 1118, 4, 7, 0, 0, 2, 0, 3, 1],[22, 3, 701, 139, 31, 4, 112, 9, 9, 2],[4, 34, 47, 777, 3, 10, 1, 103, 25, 6],[1, 3, 0, 0, 764, 0, 37, 2, 0, 175],[45, 11, 37, 154, 86, 290, 13, 56, 169, 31],[19, 15, 13, 0, 21, 2, 874, 1, 13, 0],[0, 32, 7, 46, 8, 2, 2, 859, 4, 68],[36, 122, 9, 47, 33, 98, 14, 97, 460, 58],[8, 7, 0, 9, 132, 6, 5, 126, 4, 712]",False,0,10,212542,"{'layer': 0, 'shape': (5, 5, 1, 16), 'mean': 541.415, 'std': 117.11418690747931, 'min': 223.0, 'max': 824.0, 'has_nan': False},{'layer': 1, 'shape': (16,), 'mean': -8.875, 'std': 0.9921567416492215, 'min': -11.0, 'max': -7.0, 'has_nan': False},{'layer': 2, 'shape': (5, 5, 16, 32), 'mean': 235.97765625, 'std': 191.94642433048037, 'min': -277.0, 'max': 712.0, 'has_nan': False},{'layer': 3, 'shape': (32,), 'mean': -44.4375, 'std': 4.821420304225716, 'min': -54.0, 'max': -33.0, 'has_nan': False},{'layer': 4, 'shape': (1568, 120), 'mean': 9.044600340136055, 'std': 130.67180991081239, 'min': -510.0, 'max': 543.0, 'has_nan': False},{'layer': 5, 'shape': (120,), 'mean': -16.266666666666666, 'std': 45.82479920547631, 'min': -93.0, 'max': 151.0, 'has_nan': False},{'layer': 6, 'shape': (120, 84), 'mean': 38.40138888888889, 'std': 194.25258164117528, 'min': -750.0, 'max': 702.0, 'has_nan': False},{'layer': 7, 'shape': (84,), 'mean': 9.833333333333334, 'std': 98.19972763677355, 'min': -143.0, 'max': 240.0, 'has_nan': False},{'layer': 8, 'shape': (84, 10), 'mean': -73.8202380952381, 'std': 334.05756535569117, 'min': -1193.0, 'max': 796.0, 'has_nan': False},{'layer': 9, 'shape': (10,), 'mean': -33.6, 'std': 234.40614326420715, 'min': -372.0, 'max': 548.0, 'has_nan': False}",7,0.7435,0.7320017423557312,0.789932455026599,0.7390024885602711,0.7435,1764277572.56043,2.0468626022338867,0.7311666666666666
49,"[880, 3, 5, 2, 14, 44, 4, 2, 26, 0],[0, 1118, 4, 7, 0, 0, 2, 0, 3, 1],[22, 3, 701, 139, 31, 4, 112, 9, 9, 2],[4, 34, 47, 777, 3, 10, 1, 103, 25, 6],[1, 3, 0, 0, 764, 0, 37, 2, 0, 175],[45, 11, 37, 154, 86, 290, 13, 56, 169, 31],[19, 15, 13, 0, 21, 2, 874, 1, 13, 0],[0, 32, 7, 46, 8, 2, 2, 859, 4, 68],[36, 122, 9, 47, 33, 98, 14, 97, 460, 58],[8, 7, 0, 9, 132, 6, 5, 126, 4, 712]",False,0,10,212542,"{'layer': 0, 'shape': (5, 5, 1, 16), 'mean': 541.415, 'std': 117.11418690747931, 'min': 223.0, 'max': 824.0, 'has_nan': False},{'layer': 1, 'shape': (16,), 'mean': -8.875, 'std': 0.9921567416492215, 'min': -11.0, 'max': -7.0, 'has_nan': False},{'layer': 2, 'shape': (5, 5, 16, 32), 'mean': 235.97765625, 'std': 191.94642433048037, 'min': -277.0, 'max': 712.0, 'has_nan': False},{'layer': 3, 'shape': (32,), 'mean': -44.4375, 'std': 4.821420304225716, 'min': -54.0, 'max': -33.0, 'has_nan': False},{'layer': 4, 'shape': (1568, 120), 'mean': 9.044600340136055, 'std': 130.67180991081239, 'min': -510.0, 'max': 543.0, 'has_nan': False},{'layer': 5, 'shape': (120,), 'mean': -16.266666666666666, 'std': 45.82479920547631, 'min': -93.0, 'max': 151.0, 'has_nan': False},{'layer': 6, 'shape': (120, 84), 'mean': 38.40138888888889, 'std': 194.25258164117528, 'min': -750.0, 'max': 702.0, 'has_nan': False},{'layer': 7, 'shape': (84,), 'mean': 9.833333333333334, 'std': 98.19972763677355, 'min': -143.0, 'max': 240.0, 'has_nan': False},{'layer': 8, 'shape': (84, 10), 'mean': -73.8202380952381, 'std': 334.05756535569117, 'min': -1193.0, 'max': 796.0, 'has_nan': False},{'layer': 9, 'shape': (10,), 'mean': -33.6, 'std': 234.40614326420715, 'min': -372.0, 'max': 548.0, 'has_nan': False}",7,0.7435,0.7320017423557312,0.789932455026599,0.7390024885602711,0.7435,1764277593.589507,2.0804848670959473,0.73
45,"[880, 3, 5, 2, 14, 44, 4, 2, 26, 0],[0, 1118, 4, 7, 0, 0, 2, 0, 3, 1],[22, 3, 701, 139, 31, 4, 112, 9, 9, 2],[4, 34, 47, 777, 3, 10, 1, 103, 25, 6],[1, 3, 0, 0, 764, 0, 37, 2, 0, 175],[45, 11, 37, 154, 86, 290, 13, 56, 169, 31],[19, 15, 13, 0, 21, 2, 874, 1, 13, 0],[0, 32, 7, 46, 8, 2, 2, 859, 4, 68],[36, 122, 9, 47, 33, 98, 14, 97, 460, 58],[8, 7, 0, 9, 132, 6, 5, 126, 4, 712]",False,0,10,212542,"{'layer': 0, 'shape': (5, 5, 1, 16), 'mean': 541.415, 'std': 117.11418690747931, 'min': 223.0, 'max': 824.0, 'has_nan': False},{'layer': 1, 'shape': (16,), 'mean': -8.875, 'std': 0.9921567416492215, 'min': -11.0, 'max': -7.0, 'has_nan': False},{'layer': 2, 'shape': (5, 5, 16, 32), 'mean': 235.97765625, 'std': 191.94642433048037, 'min': -277.0, 'max': 712.0, 'has_nan': False},{'layer': 3, 'shape': (32,), 'mean': -44.4375, 'std': 4.821420304225716, 'min': -54.0, 'max': -33.0, 'has_nan': False},{'layer': 4, 'shape': (1568, 120), 'mean': 9.044600340136055, 'std': 130.67180991081239, 'min': -510.0, 'max': 543.0, 'has_nan': False},{'layer': 5, 'shape': (120,), 'mean': -16.266666666666666, 'std': 45.82479920547631, 'min': -93.0, 'max': 151.0, 'has_nan': False},{'layer': 6, 'shape': (120, 84), 'mean': 38.40138888888889, 'std': 194.25258164117528, 'min': -750.0, 'max': 702.0, 'has_nan': False},{'layer': 7, 'shape': (84,), 'mean': 9.833333333333334, 'std': 98.19972763677355, 'min': -143.0, 'max': 240.0, 'has_nan': False},{'layer': 8, 'shape': (84, 10), 'mean': -73.8202380952381, 'std': 334.05756535569117, 'min': -1193.0, 'max': 796.0, 'has_nan': False},{'layer': 9, 'shape': (10,), 'mean': -33.6, 'std': 234.40614326420715, 'min': -372.0, 'max': 548.0, 'has_nan': False}",7,0.7435,0.7320017423557312,0.789932455026599,0.7390024885602711,0.7435,1764277599.8635318,1.992173433303833,0.7231666666666666
43,"[886, 1, 4, 1, 13, 42, 5, 2, 26, 0],[0, 1119, 4, 6, 0, 0, 2, 1, 2, 1],[19, 5, 729, 125, 29, 11, 95, 9, 8, 2],[3, 32, 44, 783, 1, 16, 2, 89, 32, 8],[0, 3, 0, 0, 807, 0, 35, 1, 0, 136],[34, 9, 28, 105, 76, 400, 12, 29, 179, 20],[16, 7, 7, 0, 19, 5, 889, 1, 14, 0],[0, 31, 8, 39, 8, 2, 1, 861, 3, 75],[27, 99, 8, 43, 32, 103, 15, 60, 538, 49],[5, 6, 0, 9, 155, 7, 5, 89, 6, 727]",False,0,10,212542,"{'layer': 0, 'shape': (5, 5, 1, 16), 'mean': 576.3825, 'std': 124.37514298986754, 'min': 236.0, 'max': 854.0, 'has_nan': False},{'layer': 1, 'shape': (16,), 'mean': -5.75, 'std': 1.346291201783626, 'min': -9.0, 'max': -4.0, 'has_nan': False},{'layer': 2, 'shape': (5, 5, 16, 32), 'mean': 241.15109375, 'std': 213.77319095405466, 'min': -299.0, 'max': 767.0, 'has_nan': False},{'layer': 3, 'shape': (32,), 'mean': -40.03125, 'std': 4.565388640356919, 'min': -50.0, 'max': -30.0, 'has_nan': False},{'layer': 4, 'shape': (1568, 120), 'mean': 5.428916879251701, 'std': 136.52883114164652, 'min': -541.0, 'max': 551.0, 'has_nan': False},{'layer': 5, 'shape': (120,), 'mean': -16.15, 'std': 51.20476052087344, 'min': -103.0, 'max': 165.0, 'has_nan': False},{'layer': 6, 'shape': (120, 84), 'mean': 35.865873015873014, 'std': 199.76706392048828, 'min': -759.0, 'max': 712.0, 'has_nan': False},{'layer': 7, 'shape': (84,), 'mean': 10.988095238095237, 'std': 109.80832803524373, 'min': -164.0, 'max': 258.0, 'has_nan': False},{'layer': 8, 'shape': (84, 10), 'mean': -77.66547619047618, 'std': 343.3622670404455, 'min': -1267.0, 'max': 847.0, 'has_nan': False},{'layer': 9, 'shape': (10,), 'mean': -34.2, 'std': 251.436194689627, 'min': -397.0, 'max': 590.0, 'has_nan': False}",8,0.7739,0.7673525408513535,0.7065075595826601,0.7712023408604856,0.7739,1764277750.5617003,1.9866173267364502,0.758
48,"[886, 1, 4, 1, 13, 42, 5, 2, 26, 0],[0, 1119, 4, 6, 0, 0, 2, 1, 2, 1],[19, 5, 729, 125, 29, 11, 95, 9, 8, 2],[3, 32, 44, 783, 1, 16, 2, 89, 32, 8],[0, 3, 0, 0, 807, 0, 35, 1, 0, 136],[34, 9, 28, 105, 76, 400, 12, 29, 179, 20],[16, 7, 7, 0, 19, 5, 889, 1, 14, 0],[0, 31, 8, 39, 8, 2, 1, 861, 3, 75],[27, 99, 8, 43, 32, 103, 15, 60, 538, 49],[5, 6, 0, 9, 155, 7, 5, 89, 6, 727]",False,0,10,212542,"{'layer': 0, 'shape': (5, 5, 1, 16), 'mean': 576.3825, 'std': 124.37514298986754, 'min': 236.0, 'max': 854.0, 'has_nan': False},{'layer': 1, 'shape': (16,), 'mean': -5.75, 'std': 1.346291201783626, 'min': -9.0, 'max': -4.0, 'has_nan': False},{'layer': 2, 'shape': (5, 5, 16, 32), 'mean': 241.15109375, 'std': 213.77319095405466, 'min': -299.0, 'max': 767.0, 'has_nan': False},{'layer': 3, 'shape': (32,), 'mean': -40.03125, 'std': 4.565388640356919, 'min': -50.0, 'max': -30.0, 'has_nan': False},{'layer': 4, 'shape': (1568, 120), 'mean': 5.428916879251701, 'std': 136.52883114164652, 'min': -541.0, 'max': 551.0, 'has_nan': False},{'layer': 5, 'shape': (120,), 'mean': -16.15, 'std': 51.20476052087344, 'min': -103.0, 'max': 165.0, 'has_nan': False},{'layer': 6, 'shape': (120, 84), 'mean': 35.865873015873014, 'std': 199.76706392048828, 'min': -759.0, 'max': 712.0, 'has_nan': False},{'layer': 7, 'shape': (84,), 'mean': 10.988095238095237, 'std': 109.80832803524373, 'min': -164.0, 'max': 258.0, 'has_nan': False},{'layer': 8, 'shape': (84, 10), 'mean': -77.66547619047618, 'std': 343.3622670404455, 'min': -1267.0, 'max': 847.0, 'has_nan': False},{'layer': 9, 'shape': (10,), 'mean': -34.2, 'std': 251.436194689627, 'min': -397.0, 'max': 590.0, 'has_nan': False}",8,0.7739,0.7673525408513535,0.7065075595826601,0.7712023408604856,0.7739,1764277773.6008344,1.9574732780456543,0.7633333333333333
49,"[886, 1, 4, 1, 13, 42, 5, 2, 26, 0],[0, 1119, 4, 6, 0, 0, 2, 1, 2, 1],[19, 5, 729, 125, 29, 11, 95, 9, 8, 2],[3, 32, 44, 783, 1, 16, 2, 89, 32, 8],[0, 3, 0, 0, 807, 0, 35, 1, 0, 136],[34, 9, 28, 105, 76, 400, 12, 29, 179, 20],[16, 7, 7, 0, 19, 5, 889, 1, 14, 0],[0, 31, 8, 39, 8, 2, 1, 861, 3, 75],[27, 99, 8, 43, 32, 103, 15, 60, 538, 49],[5, 6, 0, 9, 155, 7, 5, 89, 6, 727]",False,0,10,212542,"{'layer': 0, 'shape': (5, 5, 1, 16), 'mean': 576.3825, 'std': 124.37514298986754, 'min': 236.0, 'max': 854.0, 'has_nan': False},{'layer': 1, 'shape': (16,), 'mean': -5.75, 'std': 1.346291201783626, 'min': -9.0, 'max': -4.0, 'has_nan': False},{'layer': 2, 'shape': (5, 5, 16, 32), 'mean': 241.15109375, 'std': 213.77319095405466, 'min': -299.0, 'max': 767.0, 'has_nan': False},{'layer': 3, 'shape': (32,), 'mean': -40.03125, 'std': 4.565388640356919, 'min': -50.0, 'max': -30.0, 'has_nan': False},{'layer': 4, 'shape': (1568, 120), 'mean': 5.428916879251701, 'std': 136.52883114164652, 'min': -541.0, 'max': 551.0, 'has_nan': False},{'layer': 5, 'shape': (120,), 'mean': -16.15, 'std': 51.20476052087344, 'min': -103.0, 'max': 165.0, 'has_nan': False},{'layer': 6, 'shape': (120, 84), 'mean': 35.865873015873014, 'std': 199.76706392048828, 'min': -759.0, 'max': 712.0, 'has_nan': False},{'layer': 7, 'shape': (84,), 'mean': 10.988095238095237, 'std': 109.80832803524373, 'min': -164.0, 'max': 258.0, 'has_nan': False},{'layer': 8, 'shape': (84, 10), 'mean': -77.66547619047618, 'std': 343.3622670404455, 'min': -1267.0, 'max': 847.0, 'has_nan': False},{'layer': 9, 'shape': (10,), 'mean': -34.2, 'std': 251.436194689627, 'min': -397.0, 'max': 590.0, 'has_nan': False}",8,0.7739,0.7673525408513535,0.7065075595826601,0.7712023408604856,0.7739,1764277794.3735883,1.9690134525299072,0.7583333333333333
45,"[886, 1, 4, 1, 13, 42, 5, 2, 26, 0],[0, 1119, 4, 6, 0, 0, 2, 1, 2, 1],[19, 5, 729, 125, 29, 11, 95, 9, 8, 2],[3, 32, 44, 783, 1, 16, 2, 89, 32, 8],[0, 3, 0, 0, 807, 0, 35, 1, 0, 136],[34, 9, 28, 105, 76, 400, 12, 29, 179, 20],[16, 7, 7, 0, 19, 5, 889, 1, 14, 0],[0, 31, 8, 39, 8, 2, 1, 861, 3, 75],[27, 99, 8, 43, 32, 103, 15, 60, 538, 49],[5, 6, 0, 9, 155, 7, 5, 89, 6, 727]",False,0,10,212542,"{'layer': 0, 'shape': (5, 5, 1, 16), 'mean': 576.3825, 'std': 124.37514298986754, 'min': 236.0, 'max': 854.0, 'has_nan': False},{'layer': 1, 'shape': (16,), 'mean': -5.75, 'std': 1.346291201783626, 'min': -9.0, 'max': -4.0, 'has_nan': False},{'layer': 2, 'shape': (5, 5, 16, 32), 'mean': 241.15109375, 'std': 213.77319095405466, 'min': -299.0, 'max': 767.0, 'has_nan': False},{'layer': 3, 'shape': (32,), 'mean': -40.03125, 'std': 4.565388640356919, 'min': -50.0, 'max': -30.0, 'has_nan': False},{'layer': 4, 'shape': (1568, 120), 'mean': 5.428916879251701, 'std': 136.52883114164652, 'min': -541.0, 'max': 551.0, 'has_nan': False},{'layer': 5, 'shape': (120,), 'mean': -16.15, 'std': 51.20476052087344, 'min': -103.0, 'max': 165.0, 'has_nan': False},{'layer': 6, 'shape': (120, 84), 'mean': 35.865873015873014, 'std': 199.76706392048828, 'min': -759.0, 'max': 712.0, 'has_nan': False},{'layer': 7, 'shape': (84,), 'mean': 10.988095238095237, 'std': 109.80832803524373, 'min': -164.0, 'max': 258.0, 'has_nan': False},{'layer': 8, 'shape': (84, 10), 'mean': -77.66547619047618, 'std': 343.3622670404455, 'min': -1267.0, 'max': 847.0, 'has_nan': False},{'layer': 9, 'shape': (10,), 'mean': -34.2, 'std': 251.436194689627, 'min': -397.0, 'max': 590.0, 'has_nan': False}",8,0.7739,0.7673525408513535,0.7065075595826601,0.7712023408604856,0.7739,1764277800.5774066,1.9563653469085693,0.7525
43,"[883, 1, 1, 6, 13, 45, 9, 2, 20, 0],[0, 1119, 4, 5, 0, 0, 2, 1, 4, 0],[12, 5, 770, 115, 29, 8, 74, 7, 10, 2],[2, 30, 47, 802, 1, 17, 1, 74, 28, 8],[0, 2, 0, 0, 820, 1, 35, 0, 0, 124],[20, 9, 22, 95, 66, 490, 12, 14, 145, 19],[15, 6, 7, 0, 18, 8, 890, 1, 13, 0],[0, 29, 10, 34, 9, 1, 1, 862, 3, 79],[16, 109, 9, 48, 29, 120, 17, 47, 535, 44],[4, 6, 0, 12, 156, 9, 4, 72, 6, 740]",False,0,10,212542,"{'layer': 0, 'shape': (5, 5, 1, 16), 'mean': 606.4425, 'std': 132.0774079612028, 'min': 247.0, 'max': 891.0, 'has_nan': False},{'layer': 1, 'shape': (16,), 'mean': -9.0625, 'std': 1.248436522214886, 'min': -12.0, 'max': -7.0, 'has_nan': False},{'layer': 2, 'shape': (5, 5, 16, 32), 'mean': 243.169453125, 'std': 233.8867597017057, 'min': -319.0, 'max': 817.0, 'has_nan': False},{'layer': 3, 'shape': (32,), 'mean': -33.84375, 'std': 4.101138370928248, 'min': -43.0, 'max': -24.0, 'has_nan': False},{'layer': 4, 'shape': (1568, 120), 'mean': 2.4486022534013605, 'std': 141.2149490127841, 'min': -570.0, 'max': 551.0, 'has_nan': False},{'layer': 5, 'shape': (120,), 'mean': -16.325, 'std': 56.01460561020372, 'min': -116.0, 'max': 178.0, 'has_nan': False},{'layer': 6, 'shape': (120, 84), 'mean': 33.726488095238096, 'std': 204.5366576877195, 'min': -766.0, 'max': 722.0, 'has_nan': False},{'layer': 7, 'shape': (84,), 'mean': 11.44047619047619, 'std': 119.8199394319974, 'min': -186.0, 'max': 273.0, 'has_nan': False},{'layer': 8, 'shape': (84, 10), 'mean': -80.85119047619048, 'std': 351.1074018268917, 'min': -1320.0, 'max': 879.0, 'has_nan': False},{'layer': 9, 'shape': (10,), 'mean': -35.0, 'std': 265.79465758363165, 'min': -419.0, 'max': 624.0, 'has_nan': False}",9,0.7911,0.786659234032447,0.6507583310132476,0.7897001699584688,0.7911,1764277949.3954303,2.0259218215942383,0.7788333333333334
48,"[883, 1, 1, 6, 13, 45, 9, 2, 20, 0],[0, 1119, 4, 5, 0, 0, 2, 1, 4, 0],[12, 5, 770, 115, 29, 8, 74, 7, 10, 2],[2, 30, 47, 802, 1, 17, 1, 74, 28, 8],[0, 2, 0, 0, 820, 1, 35, 0, 0, 124],[20, 9, 22, 95, 66, 490, 12, 14, 145, 19],[15, 6, 7, 0, 18, 8, 890, 1, 13, 0],[0, 29, 10, 34, 9, 1, 1, 862, 3, 79],[16, 109, 9, 48, 29, 120, 17, 47, 535, 44],[4, 6, 0, 12, 156, 9, 4, 72, 6, 740]",False,0,10,212542,"{'layer': 0, 'shape': (5, 5, 1, 16), 'mean': 606.4425, 'std': 132.0774079612028, 'min': 247.0, 'max': 891.0, 'has_nan': False},{'layer': 1, 'shape': (16,), 'mean': -9.0625, 'std': 1.248436522214886, 'min': -12.0, 'max': -7.0, 'has_nan': False},{'layer': 2, 'shape': (5, 5, 16, 32), 'mean': 243.169453125, 'std': 233.8867597017057, 'min': -319.0, 'max': 817.0, 'has_nan': False},{'layer': 3, 'shape': (32,), 'mean': -33.84375, 'std': 4.101138370928248, 'min': -43.0, 'max': -24.0, 'has_nan': False},{'layer': 4, 'shape': (1568, 120), 'mean': 2.4486022534013605, 'std': 141.2149490127841, 'min': -570.0, 'max': 551.0, 'has_nan': False},{'layer': 5, 'shape': (120,), 'mean': -16.325, 'std': 56.01460561020372, 'min': -116.0, 'max': 178.0, 'has_nan': False},{'layer': 6, 'shape': (120, 84), 'mean': 33.726488095238096, 'std': 204.5366576877195, 'min': -766.0, 'max': 722.0, 'has_nan': False},{'layer': 7, 'shape': (84,), 'mean': 11.44047619047619, 'std': 119.8199394319974, 'min': -186.0, 'max': 273.0, 'has_nan': False},{'layer': 8, 'shape': (84, 10), 'mean': -80.85119047619048, 'std': 351.1074018268917, 'min': -1320.0, 'max': 879.0, 'has_nan': False},{'layer': 9, 'shape': (10,), 'mean': -35.0, 'std': 265.79465758363165, 'min': -419.0, 'max': 624.0, 'has_nan': False}",9,0.7911,0.786659234032447,0.6507583310132476,0.7897001699584688,0.7911,1764277972.538693,1.9538204669952393,0.7853333333333333
49,"[883, 1, 1, 6, 13, 45, 9, 2, 20, 0],[0, 1119, 4, 5, 0, 0, 2, 1, 4, 0],[12, 5, 770, 115, 29, 8, 74, 7, 10, 2],[2, 30, 47, 802, 1, 17, 1, 74, 28, 8],[0, 2, 0, 0, 820, 1, 35, 0, 0, 124],[20, 9, 22, 95, 66, 490, 12, 14, 145, 19],[15, 6, 7, 0, 18, 8, 890, 1, 13, 0],[0, 29, 10, 34, 9, 1, 1, 862, 3, 79],[16, 109, 9, 48, 29, 120, 17, 47, 535, 44],[4, 6, 0, 12, 156, 9, 4, 72, 6, 740]",False,0,10,212542,"{'layer': 0, 'shape': (5, 5, 1, 16), 'mean': 606.4425, 'std': 132.0774079612028, 'min': 247.0, 'max': 891.0, 'has_nan': False},{'layer': 1, 'shape': (16,), 'mean': -9.0625, 'std': 1.248436522214886, 'min': -12.0, 'max': -7.0, 'has_nan': False},{'layer': 2, 'shape': (5, 5, 16, 32), 'mean': 243.169453125, 'std': 233.8867597017057, 'min': -319.0, 'max': 817.0, 'has_nan': False},{'layer': 3, 'shape': (32,), 'mean': -33.84375, 'std': 4.101138370928248, 'min': -43.0, 'max': -24.0, 'has_nan': False},{'layer': 4, 'shape': (1568, 120), 'mean': 2.4486022534013605, 'std': 141.2149490127841, 'min': -570.0, 'max': 551.0, 'has_nan': False},{'layer': 5, 'shape': (120,), 'mean': -16.325, 'std': 56.01460561020372, 'min': -116.0, 'max': 178.0, 'has_nan': False},{'layer': 6, 'shape': (120, 84), 'mean': 33.726488095238096, 'std': 204.5366576877195, 'min': -766.0, 'max': 722.0, 'has_nan': False},{'layer': 7, 'shape': (84,), 'mean': 11.44047619047619, 'std': 119.8199394319974, 'min': -186.0, 'max': 273.0, 'has_nan': False},{'layer': 8, 'shape': (84, 10), 'mean': -80.85119047619048, 'std': 351.1074018268917, 'min': -1320.0, 'max': 879.0, 'has_nan': False},{'layer': 9, 'shape': (10,), 'mean': -35.0, 'std': 265.79465758363165, 'min': -419.0, 'max': 624.0, 'has_nan': False}",9,0.7911,0.786659234032447,0.6507583310132476,0.7897001699584688,0.7911,1764277993.5466723,2.0378761291503906,0.7768333333333334
45,"[883, 1, 1, 6, 13, 45, 9, 2, 20, 0],[0, 1119, 4, 5, 0, 0, 2, 1, 4, 0],[12, 5, 770, 115, 29, 8, 74, 7, 10, 2],[2, 30, 47, 802, 1, 17, 1, 74, 28, 8],[0, 2, 0, 0, 820, 1, 35, 0, 0, 124],[20, 9, 22, 95, 66, 490, 12, 14, 145, 19],[15, 6, 7, 0, 18, 8, 890, 1, 13, 0],[0, 29, 10, 34, 9, 1, 1, 862, 3, 79],[16, 109, 9, 48, 29, 120, 17, 47, 535, 44],[4, 6, 0, 12, 156, 9, 4, 72, 6, 740]",False,0,10,212542,"{'layer': 0, 'shape': (5, 5, 1, 16), 'mean': 606.4425, 'std': 132.0774079612028, 'min': 247.0, 'max': 891.0, 'has_nan': False},{'layer': 1, 'shape': (16,), 'mean': -9.0625, 'std': 1.248436522214886, 'min': -12.0, 'max': -7.0, 'has_nan': False},{'layer': 2, 'shape': (5, 5, 16, 32), 'mean': 243.169453125, 'std': 233.8867597017057, 'min': -319.0, 'max': 817.0, 'has_nan': False},{'layer': 3, 'shape': (32,), 'mean': -33.84375, 'std': 4.101138370928248, 'min': -43.0, 'max': -24.0, 'has_nan': False},{'layer': 4, 'shape': (1568, 120), 'mean': 2.4486022534013605, 'std': 141.2149490127841, 'min': -570.0, 'max': 551.0, 'has_nan': False},{'layer': 5, 'shape': (120,), 'mean': -16.325, 'std': 56.01460561020372, 'min': -116.0, 'max': 178.0, 'has_nan': False},{'layer': 6, 'shape': (120, 84), 'mean': 33.726488095238096, 'std': 204.5366576877195, 'min': -766.0, 'max': 722.0, 'has_nan': False},{'layer': 7, 'shape': (84,), 'mean': 11.44047619047619, 'std': 119.8199394319974, 'min': -186.0, 'max': 273.0, 'has_nan': False},{'layer': 8, 'shape': (84, 10), 'mean': -80.85119047619048, 'std': 351.1074018268917, 'min': -1320.0, 'max': 879.0, 'has_nan': False},{'layer': 9, 'shape': (10,), 'mean': -35.0, 'std': 265.79465758363165, 'min': -419.0, 'max': 624.0, 'has_nan': False}",9,0.7911,0.786659234032447,0.6507583310132476,0.7897001699584688,0.7911,1764277999.8601937,2.034165143966675,0.7731666666666667
43,"[4, 728, 7, 36, 6, 37, 2, 1, 157, 2],[0, 1135, 0, 0, 0, 0, 0, 0, 0, 0],[0, 1026, 4, 0, 1, 0, 1, 0, 0, 0],[0, 1003, 0, 5, 0, 0, 0, 2, 0, 0],[0, 839, 0, 0, 112, 0, 3, 0, 0, 28],[0, 883, 0, 6, 0, 0, 0, 1, 1, 1],[0, 909, 3, 0, 2, 0, 44, 0, 0, 0],[0, 809, 0, 2, 2, 0, 0, 122, 0, 93],[0, 974, 0, 0, 0, 0, 0, 0, 0, 0],[0, 988, 0, 0, 0, 0, 0, 0, 0, 21]",False,0,10,212542,"{'layer': 0, 'shape': (5, 5, 1, 16), 'mean': 599.3475, 'std': 136.83222114600787, 'min': 227.0, 'max': 889.0, 'has_nan': False},{'layer': 1, 'shape': (16,), 'mean': -27.125, 'std': 1.1110243021644486, 'min': -30.0, 'max': -25.0, 'has_nan': False},{'layer': 2, 'shape': (5, 5, 16, 32), 'mean': 225.93734375, 'std': 238.9972109783801, 'min': -349.0, 'max': 820.0, 'has_nan': False},{'layer': 3, 'shape': (32,), 'mean': -31.03125, 'std': 4.579058138689659, 'min': -41.0, 'max': -20.0, 'has_nan': False},{'layer': 4, 'shape': (1568, 120), 'mean': -9.531138392857143, 'std': 143.47369844250633, 'min': -579.0, 'max': 528.0, 'has_nan': False},{'layer': 5, 'shape': (120,), 'mean': -21.45, 'std': 65.21143176877298, 'min': -136.0, 'max': 199.0, 'has_nan': False},{'layer': 6, 'shape': (120, 84), 'mean': 26.838492063492062, 'std': 205.49938667334982, 'min': -781.0, 'max': 696.0, 'has_nan': False},{'layer': 7, 'shape': (84,), 'mean': 7.9523809523809526, 'std': 138.24046550795057, 'min': -217.0, 'max': 299.0, 'has_nan': False},{'layer': 8, 'shape': (84, 10), 'mean': -84.97380952380952, 'std': 353.46101930934594, 'min': -1309.0, 'max': 938.0, 'has_nan': False},{'layer': 9, 'shape': (10,), 'mean': -43.5, 'std': 287.8041869049163, 'min': -438.0, 'max': 682.0, 'has_nan': False}",10,0.1447,0.08092268409443297,5.5491556810062175,0.43952415848598747,0.1447,1764278148.674747,1.9514811038970947,0.14066666666666666
48,"[4, 728, 7, 36, 6, 37, 2, 1, 157, 2],[0, 1135, 0, 0, 0, 0, 0, 0, 0, 0],[0, 1026, 4, 0, 1, 0, 1, 0, 0, 0],[0, 1003, 0, 5, 0, 0, 0, 2, 0, 0],[0, 839, 0, 0, 112, 0, 3, 0, 0, 28],[0, 883, 0, 6, 0, 0, 0, 1, 1, 1],[0, 909, 3, 0, 2, 0, 44, 0, 0, 0],[0, 809, 0, 2, 2, 0, 0, 122, 0, 93],[0, 974, 0, 0, 0, 0, 0, 0, 0, 0],[0, 988, 0, 0, 0, 0, 0, 0, 0, 21]",False,0,10,212542,"{'layer': 0, 'shape': (5, 5, 1, 16), 'mean': 599.3475, 'std': 136.83222114600787, 'min': 227.0, 'max': 889.0, 'has_nan': False},{'layer': 1, 'shape': (16,), 'mean': -27.125, 'std': 1.1110243021644486, 'min': -30.0, 'max': -25.0, 'has_nan': False},{'layer': 2, 'shape': (5, 5, 16, 32), 'mean': 225.93734375, 'std': 238.9972109783801, 'min': -349.0, 'max': 820.0, 'has_nan': False},{'layer': 3, 'shape': (32,), 'mean': -31.03125, 'std': 4.579058138689659, 'min': -41.0, 'max': -20.0, 'has_nan': False},{'layer': 4, 'shape': (1568, 120), 'mean': -9.531138392857143, 'std': 143.47369844250633, 'min': -579.0, 'max': 528.0, 'has_nan': False},{'layer': 5, 'shape': (120,), 'mean': -21.45, 'std': 65.21143176877298, 'min': -136.0, 'max': 199.0, 'has_nan': False},{'layer': 6, 'shape': (120, 84), 'mean': 26.838492063492062, 'std': 205.49938667334982, 'min': -781.0, 'max': 696.0, 'has_nan': False},{'layer': 7, 'shape': (84,), 'mean': 7.9523809523809526, 'std': 138.24046550795057, 'min': -217.0, 'max': 299.0, 'has_nan': False},{'layer': 8, 'shape': (84, 10), 'mean': -84.97380952380952, 'std': 353.46101930934594, 'min': -1309.0, 'max': 938.0, 'has_nan': False},{'layer': 9, 'shape': (10,), 'mean': -43.5, 'std': 287.8041869049163, 'min': -438.0, 'max': 682.0, 'has_nan': False}",10,0.1447,0.08092268409443297,5.5491556810062175,0.43952415848598747,0.1447,1764278171.2444265,1.9344987869262695,0.14516666666666667
